{
    "#question": 100,
    "#solution_per_problem": 300,
    "#total_solutions": 30000,
    "accuracy": 0.9993,
    "mpk": {
        "mp1": {
            "mpk": 0.99,
            "mpk_adapt": 1.0,
            "filter_mpk": 1.0,
            "n_example_filter": 99
        },
        "mp3": {
            "mpk": 0.9733333333333334,
            "mpk_adapt": 1.0,
            "filter_mpk": 1.0,
            "n_example_filter": 96
        },
        "mp5": {
            "mpk": 0.9620000000000001,
            "mpk_adapt": 1.0,
            "filter_mpk": 1.0,
            "n_example_filter": 94
        },
        "mp10": {
            "mpk": 0.8889999999999999,
            "mpk_adapt": 0.9988776655443322,
            "filter_mpk": 1.0,
            "n_example_filter": 72
        }
    }
}