{
    "#question": 7473,
    "#solution_per_problem": 100,
    "#total_solutions": 747300,
    "accuracy": 0.9572862304295464,
    "mp1": 0.8127927204603238
}