n_solution,acc
5,0.63575538605647
10,0.7090860430884518
15,0.7371872072795397
20,0.7539140907266159
25,0.7664927070788171
30,0.7758597618091797
35,0.7825505151880102
40,0.7876354877559213
45,0.7928542753914091
50,0.7964672822159775
55,0.8003479191756991
60,0.8032918506623846
65,0.80623578214907
70,0.808644453365449
75,0.8094473437709087
80,0.809313528703332
85,0.8106516793790981
90,0.8105178643115215
95,0.8111869396494045
100,0.8127927204603238
